Title,Year,Genre,Director,Type
Get with the Program,2013,"Drama, Mystery, Thriller",Rob Hardy,episode
Walking on a Dream,2013,"Drama, Romance",Rob Hardy,episode
Carbon Copy,2013,"Crime, Drama, Mystery",Rob Hardy,episode
The Walking Dead,2013,"Drama, Fantasy, Horror",Rob Hardy,episode
What Happens in Mecklinburg...,2014,"Crime, Drama, Mystery",Rob Hardy,episode
Dead in Tombstone,2013,"Action, Fantasy, Horror",Roel Reine,movie
12 Rounds 2: Reloaded,2013,"Action, Adventure, Thriller",Roel Reine,movie
Seal Team Eight: Behind Enemy Lines,2014,"Action, Drama, War",Roel Reine,movie
The Gift,2013,Comedy,Gail Mancuso,episode
Off to the Races,2013,Comedy,Gail Mancuso,episode
The New Office,2013,Comedy,Gail Mancuso,episode
Woman on Top,2013,Comedy,Gail Mancuso,episode
Hugging the Now,2013,Comedy,Fred Savage,episode
ClosetCon '13,2013,Comedy,Fred Savage,episode
The Intern,2013,Comedy,Fred Goss,episode
The Intern,2013,Comedy,Fred Goss,episode
Tactical Village,2014,"Comedy, Crime",Fred Goss,episode
The Order of the Dragon,2013,"Horror, Mystery, Thriller",Deran Sarafian,episode
The Crucible,2013,"Horror, Mystery, Thriller",Deran Sarafian,episode
Children of the Night,2013,"Horror, Mystery, Thriller",Deran Sarafian,episode
The Back Nine,2013,"Comedy, Romance",Chris Koch,episode
Camping,2013,"Comedy, Romance",Chris Koch,episode
It Has Begun...,2013,Comedy,Chris Koch,episode
Family Conference,2013,Comedy,Chris Koch,episode
September Fools,2013,Comedy,Chris Koch,episode
Back in Action,2013,Reality-TV,Anthony Mastanduno,episode
Bad Trouble Here,2013,Reality-TV,Anthony Mastanduno,episode
Back to the Hustle,2013,Reality-TV,Anthony Mastanduno,episode
Seth in Charge,2013,Reality-TV,Anthony Mastanduno,episode
Seth Snaps,2013,Reality-TV,Anthony Mastanduno,episode
Computer Crash,2013,Reality-TV,Anthony Mastanduno,episode
All-American Jewelry and Loan,2013,Reality-TV,Anthony Mastanduno,episode
Breakdown at Tiffany's,2013,Reality-TV,Anthony Mastanduno,episode
Gold Crash,2013,Reality-TV,Anthony Mastanduno,episode
Harold's Gamble,2013,Reality-TV,Anthony Mastanduno,episode
A Typical Night,2014,"Short, Horror",Keith Munden,movie
Safe Place,2014,"Short, Horror",Keith Munden,movie
Reaper's Revenge: Fear the Reaper,2014,Horror,Keith Munden,movie
Tick Tock,2014,"Short, Thriller",Keith Munden,movie
Unknown Journeys,2014,"Short, Comedy",Keith Munden,movie
Safe Place,2014,"Short, Horror",Keith Munden,movie
Summoned,2013,"Horror, Mystery, Thriller",Peter Sullivan,movie
Hidden Away,2013,"Drama, Mystery, Thriller",Peter Sullivan,movie
Dear Secret Santa,2013,Romance,Peter Sullivan,movie
High School Possession,2014,Thriller,Peter Sullivan,movie
A Space in the Time,2013,Fantasy,Scott Shaw,movie
The Drive II: 395 Miles from L.A.,2013,Drama,Scott Shaw,movie
The Drive III,2014,Drama,Scott Shaw,movie
Donald G. Jackson: Confessions,2014,Documentary,Scott Shaw,movie
Temptation: Confessions of a Marriage Counselor,2013,"Drama, Thriller",Tyler Perry,movie
The Single Moms Club,2014,"Comedy, Drama",Tyler Perry,movie
Tyler Perry's A Madea Christmas,2013,"Comedy, Drama",Tyler Perry,movie
Emily,2013,Drama,Chris Hollo,episode
It's Your Legacy,2013,Drama,Chris Hollo,episode
Here We Go,2013,Drama,Chris Hollo,episode
Have We Met Before?,2013,Drama,Chris Hollo,episode
Trust Is Complicated,2014,Drama,Chris Hollo,episode
Rock and a Hard Place,2013,"Comedy, Drama",David Von Ancken,episode
In the Clouds,2013,"Comedy, Drama",David Von Ancken,episode
Hell Bent for Leather,2013,"Comedy, Drama",David Von Ancken,episode
Half Deaf Is Better Than All Dead,2013,"Action, Crime, Drama",Greg Yaitanes,episode
Twerk,2013,"Crime, Drama",Greg Yaitanes,episode
Little Fish,2014,"Action, Crime, Drama",Greg Yaitanes,episode
The Thunder Man,2014,"Action, Crime, Drama",Greg Yaitanes,episode
Homecoming,2014,"Action, Crime, Drama",Greg Yaitanes,episode
Bullets and Tears,2014,"Action, Crime, Drama",Greg Yaitanes,episode
Homecoming,2014,"Action, Crime, Drama",Greg Yaitanes,episode
Jarhead 2: Field of Fire,2014,"Action, Drama, War",Don Michael Paul,movie
Sniper: Legacy,2014,"Action, Thriller",Don Michael Paul,movie
Robosapien: Rebooted,2013,"Adventure, Drama, Family",Sean McNamara,movie
Space Warriors,2013,"Adventure, Family",Sean McNamara,movie
"Batman: The Dark Knight Returns, Part 2",2013,"Animation, Action, Crime",Jay Oliva,movie
Justice League: The Flashpoint Paradox,2013,"Animation, Action, Adventure",Jay Oliva,movie
Justice League: War,2014,"Animation, Action, Adventure",Jay Oliva,movie
The Prince,2014,"Action, Thriller",Brian A Miller,movie
Officer Down,2013,"Crime, Drama",Brian A Miller,movie
Prince Avalanche,2013,"Comedy, Drama",David Gordon Green,movie
Joe,2013,Drama,David Gordon Green,movie
Knights of Badassdom,2013,"Action, Comedy, Fantasy",Joe Lynch,movie
Everly,2014,"Action, Thriller",Joe Lynch,movie
Force of Execution,2013,"Action, Crime",Keoni Waxman,movie
A Good Man,2014,Action,Keoni Waxman,movie
Pilot,2013,"Comedy, Drama",Adam Bernstein,episode
Criminal Hatred,2013,"Crime, Drama, Mystery",Adam Bernstein,episode
Patient Zero,2014,"Action, Sci-Fi",Adam Davidson,episode
Sacrifice,2014,"Crime, Drama, Mystery",Adam Davidson,episode
Dead of the Class,2013,"Crime, Drama, Mystery",Alec Smight,episode
The Devil and D.B. Russell,2013,"Crime, Drama, Mystery",Alec Smight,episode
Frame by Frame,2013,"Crime, Drama, Mystery",Alec Smight,episode
The CSI Effect,2014,"Crime, Drama, Mystery",Alec Smight,episode
Strange Brew,2013,"Comedy, Drama, Romance",Bethany Rooney,episode
A Portrait of the Artist as a Young Call Girl,2013,"Comedy, Drama, Romance",Bethany Rooney,episode
Final Shot,2013,"Crime, Drama, Mystery",Bethany Rooney,episode
State vs Queen,2013,"Action, Adventure, Crime",Bethany Rooney,episode
Final Shot,2013,"Crime, Drama, Mystery",Bethany Rooney,episode
Aftermath,2013,"Action, Crime, Drama",Brad Turner,episode
A View to a Kill,2013,"Drama, Fantasy, Horror",Brad Turner,episode
The Life We've Chosen,2013,"Action, Crime, Drama",Brad Turner,episode
House of the Rising Son,2013,"Drama, Fantasy, Horror",Brad Turner,episode
The Haunting,2014,"Drama, Thriller",Brad Turner,episode
